path,class,label
/content/dataset_raw_clean/Monkeypox Skin Image Dataset/Chickenpox/chickenpox58.png,Chickenpox,1
/content/dataset_raw_clean/Monkeypox Skin Image Dataset/Chickenpox/chickenpox64.png,Chickenpox,1
/content/dataset_raw_clean/Monkeypox Skin Image Dataset/Chickenpox/chickenpox48.png,Chickenpox,1
/content/dataset_raw_clean/Monkeypox Skin Image Dataset/Chickenpox/chickenpox84.png,Chickenpox,1
/content/dataset_raw_clean/Monkeypox Skin Image Dataset/Chickenpox/chickenpox20.png,Chickenpox,1
/content/dataset_raw_clean/Monkeypox Skin Image Dataset/Chickenpox/chickenpox22.png,Chickenpox,1
/content/dataset_raw_clean/Monkeypox Skin Image Dataset/Chickenpox/chickenpox69.png,Chickenpox,1
/content/dataset_raw_clean/Monkeypox Skin Image Dataset/Chickenpox/chickenpox107.png,Chickenpox,1
/content/dataset_raw_clean/Monkeypox Skin Image Dataset/Chickenpox/chickenpox1.png,Chickenpox,1
/content/dataset_raw_clean/Monkeypox Skin Image Dataset/Chickenpox/chickenpox83.png,Chickenpox,1
/content/dataset_raw_clean/Monkeypox Skin Image Dataset/Chickenpox/chickenpox34.png,Chickenpox,1
/content/dataset_raw_clean/Monkeypox Skin Image Dataset/Chickenpox/chickenpox73.png,Chickenpox,1
/content/dataset_raw_clean/Monkeypox Skin Image Dataset/Chickenpox/chickenpox5.png,Chickenpox,1
/content/dataset_raw_clean/Monkeypox Skin Image Dataset/Chickenpox/chickenpox45.png,Chickenpox,1
/content/dataset_raw_clean/Monkeypox Skin Image Dataset/Chickenpox/chickenpox70.png,Chickenpox,1
/content/dataset_raw_clean/Monkeypox Skin Image Dataset/Chickenpox/chickenpox41.png,Chickenpox,1
/content/dataset_raw_clean/Monkeypox Skin Image Dataset/Chickenpox/chickenpox19.png,Chickenpox,1
/content/dataset_raw_clean/Monkeypox Skin Image Dataset/Chickenpox/chickenpox79.png,Chickenpox,1
/content/dataset_raw_clean/Monkeypox Skin Image Dataset/Chickenpox/chickenpox2.png,Chickenpox,1
/content/dataset_raw_clean/Monkeypox Skin Image Dataset/Chickenpox/chickenpox10.png,Chickenpox,1
/content/dataset_raw_clean/Monkeypox Skin Image Dataset/Chickenpox/chickenpox80.png,Chickenpox,1
/content/dataset_raw_clean/Monkeypox Skin Image Dataset/Chickenpox/chickenpox23.png,Chickenpox,1
/content/dataset_raw_clean/Monkeypox Skin Image Dataset/Chickenpox/chickenpox55.png,Chickenpox,1
/content/dataset_raw_clean/Monkeypox Skin Image Dataset/Chickenpox/chickenpox88.png,Chickenpox,1
/content/dataset_raw_clean/Monkeypox Skin Image Dataset/Chickenpox/chickenpox56.png,Chickenpox,1
/content/dataset_raw_clean/Monkeypox Skin Image Dataset/Chickenpox/chickenpox100.png,Chickenpox,1
/content/dataset_raw_clean/Monkeypox Skin Image Dataset/Chickenpox/chickenpox38.png,Chickenpox,1
/content/dataset_raw_clean/Monkeypox Skin Image Dataset/Chickenpox/chickenpox89.png,Chickenpox,1
/content/dataset_raw_clean/Monkeypox Skin Image Dataset/Chickenpox/chickenpox94.png,Chickenpox,1
/content/dataset_raw_clean/Monkeypox Skin Image Dataset/Chickenpox/chickenpox91.png,Chickenpox,1
/content/dataset_raw_clean/Monkeypox Skin Image Dataset/Chickenpox/chickenpox74.png,Chickenpox,1
/content/dataset_raw_clean/Monkeypox Skin Image Dataset/Chickenpox/chickenpox65.png,Chickenpox,1
/content/dataset_raw_clean/Monkeypox Skin Image Dataset/Chickenpox/chickenpox77.png,Chickenpox,1
/content/dataset_raw_clean/Monkeypox Skin Image Dataset/Chickenpox/chickenpox16.png,Chickenpox,1
/content/dataset_raw_clean/Monkeypox Skin Image Dataset/Chickenpox/chickenpox6.png,Chickenpox,1
/content/dataset_raw_clean/Monkeypox Skin Image Dataset/Chickenpox/chickenpox33.png,Chickenpox,1
/content/dataset_raw_clean/Monkeypox Skin Image Dataset/Chickenpox/chickenpox47.png,Chickenpox,1
/content/dataset_raw_clean/Monkeypox Skin Image Dataset/Chickenpox/chickenpox85.png,Chickenpox,1
/content/dataset_raw_clean/Monkeypox Skin Image Dataset/Chickenpox/chickenpox37.png,Chickenpox,1
/content/dataset_raw_clean/Monkeypox Skin Image Dataset/Chickenpox/chickenpox54.png,Chickenpox,1
/content/dataset_raw_clean/Monkeypox Skin Image Dataset/Chickenpox/chickenpox12.png,Chickenpox,1
/content/dataset_raw_clean/Monkeypox Skin Image Dataset/Chickenpox/chickenpox36.png,Chickenpox,1
/content/dataset_raw_clean/Monkeypox Skin Image Dataset/Chickenpox/chickenpox32.png,Chickenpox,1
/content/dataset_raw_clean/Monkeypox Skin Image Dataset/Chickenpox/chickenpox46.png,Chickenpox,1
/content/dataset_raw_clean/Monkeypox Skin Image Dataset/Chickenpox/chickenpox43.png,Chickenpox,1
/content/dataset_raw_clean/Monkeypox Skin Image Dataset/Chickenpox/chickenpox26.png,Chickenpox,1
/content/dataset_raw_clean/Monkeypox Skin Image Dataset/Chickenpox/chickenpox66.png,Chickenpox,1
/content/dataset_raw_clean/Monkeypox Skin Image Dataset/Chickenpox/chickenpox78.png,Chickenpox,1
/content/dataset_raw_clean/Monkeypox Skin Image Dataset/Chickenpox/chickenpox62.png,Chickenpox,1
/content/dataset_raw_clean/Monkeypox Skin Image Dataset/Chickenpox/chickenpox8.png,Chickenpox,1
/content/dataset_raw_clean/Monkeypox Skin Image Dataset/Chickenpox/chickenpox102.png,Chickenpox,1
/content/dataset_raw_clean/Monkeypox Skin Image Dataset/Chickenpox/chickenpox27.png,Chickenpox,1
/content/dataset_raw_clean/Monkeypox Skin Image Dataset/Chickenpox/chickenpox87.png,Chickenpox,1
/content/dataset_raw_clean/Monkeypox Skin Image Dataset/Chickenpox/chickenpox92.png,Chickenpox,1
/content/dataset_raw_clean/Monkeypox Skin Image Dataset/Chickenpox/chickenpox86.png,Chickenpox,1
/content/dataset_raw_clean/Monkeypox Skin Image Dataset/Chickenpox/chickenpox93.png,Chickenpox,1
/content/dataset_raw_clean/Monkeypox Skin Image Dataset/Chickenpox/chickenpox9.png,Chickenpox,1
/content/dataset_raw_clean/Monkeypox Skin Image Dataset/Chickenpox/chickenpox35.png,Chickenpox,1
/content/dataset_raw_clean/Monkeypox Skin Image Dataset/Chickenpox/chickenpox28.png,Chickenpox,1
/content/dataset_raw_clean/Monkeypox Skin Image Dataset/Chickenpox/chickenpox11.png,Chickenpox,1
/content/dataset_raw_clean/Monkeypox Skin Image Dataset/Chickenpox/chickenpox13.png,Chickenpox,1
/content/dataset_raw_clean/Monkeypox Skin Image Dataset/Chickenpox/chickenpox106.png,Chickenpox,1
/content/dataset_raw_clean/Monkeypox Skin Image Dataset/Chickenpox/chickenpox98.png,Chickenpox,1
/content/dataset_raw_clean/Monkeypox Skin Image Dataset/Chickenpox/chickenpox63.png,Chickenpox,1
/content/dataset_raw_clean/Monkeypox Skin Image Dataset/Chickenpox/chickenpox52.png,Chickenpox,1
/content/dataset_raw_clean/Monkeypox Skin Image Dataset/Chickenpox/chickenpox95.png,Chickenpox,1
/content/dataset_raw_clean/Monkeypox Skin Image Dataset/Chickenpox/chickenpox104.png,Chickenpox,1
/content/dataset_raw_clean/Monkeypox Skin Image Dataset/Chickenpox/chickenpox50.png,Chickenpox,1
/content/dataset_raw_clean/Monkeypox Skin Image Dataset/Chickenpox/chickenpox44.png,Chickenpox,1
/content/dataset_raw_clean/Monkeypox Skin Image Dataset/Chickenpox/chickenpox72.png,Chickenpox,1
/content/dataset_raw_clean/Monkeypox Skin Image Dataset/Chickenpox/chickenpox39.png,Chickenpox,1
/content/dataset_raw_clean/Monkeypox Skin Image Dataset/Chickenpox/chickenpox14.png,Chickenpox,1
/content/dataset_raw_clean/Monkeypox Skin Image Dataset/Chickenpox/chickenpox21.png,Chickenpox,1
/content/dataset_raw_clean/Monkeypox Skin Image Dataset/Chickenpox/chickenpox75.png,Chickenpox,1
/content/dataset_raw_clean/Monkeypox Skin Image Dataset/Chickenpox/chickenpox103.png,Chickenpox,1
/content/dataset_raw_clean/Monkeypox Skin Image Dataset/Chickenpox/chickenpox81.png,Chickenpox,1
/content/dataset_raw_clean/Monkeypox Skin Image Dataset/Chickenpox/chickenpox53.png,Chickenpox,1
/content/dataset_raw_clean/Monkeypox Skin Image Dataset/Chickenpox/chickenpox29.png,Chickenpox,1
/content/dataset_raw_clean/Monkeypox Skin Image Dataset/Chickenpox/chickenpox25.png,Chickenpox,1
/content/dataset_raw_clean/Monkeypox Skin Image Dataset/Chickenpox/chickenpox42.png,Chickenpox,1
/content/dataset_raw_clean/Monkeypox Skin Image Dataset/Chickenpox/chickenpox40.png,Chickenpox,1
/content/dataset_raw_clean/Monkeypox Skin Image Dataset/Chickenpox/chickenpox97.png,Chickenpox,1
/content/dataset_raw_clean/Monkeypox Skin Image Dataset/Chickenpox/chickenpox17.png,Chickenpox,1
/content/dataset_raw_clean/Monkeypox Skin Image Dataset/Chickenpox/chickenpox3.png,Chickenpox,1
/content/dataset_raw_clean/Monkeypox Skin Image Dataset/Chickenpox/chickenpox71.png,Chickenpox,1
/content/dataset_raw_clean/Monkeypox Skin Image Dataset/Chickenpox/chickenpox61.png,Chickenpox,1
/content/dataset_raw_clean/Monkeypox Skin Image Dataset/Chickenpox/chickenpox59.png,Chickenpox,1
/content/dataset_raw_clean/Monkeypox Skin Image Dataset/Chickenpox/chickenpox90.png,Chickenpox,1
/content/dataset_raw_clean/Monkeypox Skin Image Dataset/Chickenpox/chickenpox76.png,Chickenpox,1
/content/dataset_raw_clean/Monkeypox Skin Image Dataset/Chickenpox/chickenpox24.png,Chickenpox,1
/content/dataset_raw_clean/Monkeypox Skin Image Dataset/Chickenpox/chickenpox4.png,Chickenpox,1
/content/dataset_raw_clean/Monkeypox Skin Image Dataset/Chickenpox/chickenpox51.png,Chickenpox,1
/content/dataset_raw_clean/Monkeypox Skin Image Dataset/Chickenpox/chickenpox68.png,Chickenpox,1
/content/dataset_raw_clean/Monkeypox Skin Image Dataset/Chickenpox/chickenpox7.png,Chickenpox,1
/content/dataset_raw_clean/Monkeypox Skin Image Dataset/Chickenpox/chickenpox82.png,Chickenpox,1
/content/dataset_raw_clean/Monkeypox Skin Image Dataset/Chickenpox/chickenpox96.png,Chickenpox,1
/content/dataset_raw_clean/Monkeypox Skin Image Dataset/Chickenpox/chickenpox15.png,Chickenpox,1
/content/dataset_raw_clean/Monkeypox Skin Image Dataset/Chickenpox/chickenpox67.png,Chickenpox,1
/content/dataset_raw_clean/Monkeypox Skin Image Dataset/Chickenpox/chickenpox105.png,Chickenpox,1
/content/dataset_raw_clean/Monkeypox Skin Image Dataset/Chickenpox/chickenpox31.png,Chickenpox,1
/content/dataset_raw_clean/Monkeypox Skin Image Dataset/Chickenpox/chickenpox101.png,Chickenpox,1
/content/dataset_raw_clean/Monkeypox Skin Image Dataset/Chickenpox/chickenpox99.png,Chickenpox,1
/content/dataset_raw_clean/Monkeypox Skin Image Dataset/Chickenpox/chickenpox60.png,Chickenpox,1
/content/dataset_raw_clean/Monkeypox Skin Image Dataset/Chickenpox/chickenpox30.png,Chickenpox,1
/content/dataset_raw_clean/Monkeypox Skin Image Dataset/Chickenpox/chickenpox49.png,Chickenpox,1
/content/dataset_raw_clean/Monkeypox Skin Image Dataset/Chickenpox/chickenpox57.png,Chickenpox,1
/content/dataset_raw_clean/Monkeypox Skin Image Dataset/Measles/measles14.png,Measles,2
/content/dataset_raw_clean/Monkeypox Skin Image Dataset/Measles/measles6.png,Measles,2
/content/dataset_raw_clean/Monkeypox Skin Image Dataset/Measles/measles40.png,Measles,2
/content/dataset_raw_clean/Monkeypox Skin Image Dataset/Measles/measles2.png,Measles,2
/content/dataset_raw_clean/Monkeypox Skin Image Dataset/Measles/measles54.png,Measles,2
/content/dataset_raw_clean/Monkeypox Skin Image Dataset/Measles/measles20.png,Measles,2
/content/dataset_raw_clean/Monkeypox Skin Image Dataset/Measles/measles78.png,Measles,2
/content/dataset_raw_clean/Monkeypox Skin Image Dataset/Measles/measles74.png,Measles,2
/content/dataset_raw_clean/Monkeypox Skin Image Dataset/Measles/measles85.png,Measles,2
/content/dataset_raw_clean/Monkeypox Skin Image Dataset/Measles/measles31.png,Measles,2
/content/dataset_raw_clean/Monkeypox Skin Image Dataset/Measles/measles38.png,Measles,2
/content/dataset_raw_clean/Monkeypox Skin Image Dataset/Measles/measles59.png,Measles,2
/content/dataset_raw_clean/Monkeypox Skin Image Dataset/Measles/measles24.png,Measles,2
/content/dataset_raw_clean/Monkeypox Skin Image Dataset/Measles/measles32.png,Measles,2
/content/dataset_raw_clean/Monkeypox Skin Image Dataset/Measles/measles57.png,Measles,2
/content/dataset_raw_clean/Monkeypox Skin Image Dataset/Measles/measles77.png,Measles,2
/content/dataset_raw_clean/Monkeypox Skin Image Dataset/Measles/measles73.png,Measles,2
/content/dataset_raw_clean/Monkeypox Skin Image Dataset/Measles/measles15.png,Measles,2
/content/dataset_raw_clean/Monkeypox Skin Image Dataset/Measles/measles89.png,Measles,2
/content/dataset_raw_clean/Monkeypox Skin Image Dataset/Measles/measles63.png,Measles,2
/content/dataset_raw_clean/Monkeypox Skin Image Dataset/Measles/measles26.png,Measles,2
/content/dataset_raw_clean/Monkeypox Skin Image Dataset/Measles/measles37.png,Measles,2
/content/dataset_raw_clean/Monkeypox Skin Image Dataset/Measles/measles47.png,Measles,2
/content/dataset_raw_clean/Monkeypox Skin Image Dataset/Measles/measles86.png,Measles,2
/content/dataset_raw_clean/Monkeypox Skin Image Dataset/Measles/measles64.png,Measles,2
/content/dataset_raw_clean/Monkeypox Skin Image Dataset/Measles/measles60.png,Measles,2
/content/dataset_raw_clean/Monkeypox Skin Image Dataset/Measles/measles17.png,Measles,2
/content/dataset_raw_clean/Monkeypox Skin Image Dataset/Measles/measles4.png,Measles,2
/content/dataset_raw_clean/Monkeypox Skin Image Dataset/Measles/measles36.png,Measles,2
/content/dataset_raw_clean/Monkeypox Skin Image Dataset/Measles/measles12.png,Measles,2
/content/dataset_raw_clean/Monkeypox Skin Image Dataset/Measles/measles45.png,Measles,2
/content/dataset_raw_clean/Monkeypox Skin Image Dataset/Measles/measles27.png,Measles,2
/content/dataset_raw_clean/Monkeypox Skin Image Dataset/Measles/measles82.png,Measles,2
/content/dataset_raw_clean/Monkeypox Skin Image Dataset/Measles/measles90.png,Measles,2
/content/dataset_raw_clean/Monkeypox Skin Image Dataset/Measles/measles34.png,Measles,2
/content/dataset_raw_clean/Monkeypox Skin Image Dataset/Measles/measles16.png,Measles,2
/content/dataset_raw_clean/Monkeypox Skin Image Dataset/Measles/measles76.png,Measles,2
/content/dataset_raw_clean/Monkeypox Skin Image Dataset/Measles/measles35.png,Measles,2
/content/dataset_raw_clean/Monkeypox Skin Image Dataset/Measles/measles69.png,Measles,2
/content/dataset_raw_clean/Monkeypox Skin Image Dataset/Measles/measles22.png,Measles,2
/content/dataset_raw_clean/Monkeypox Skin Image Dataset/Measles/measles61.png,Measles,2
/content/dataset_raw_clean/Monkeypox Skin Image Dataset/Measles/measles41.png,Measles,2
/content/dataset_raw_clean/Monkeypox Skin Image Dataset/Measles/measles87.png,Measles,2
/content/dataset_raw_clean/Monkeypox Skin Image Dataset/Measles/measles80.png,Measles,2
/content/dataset_raw_clean/Monkeypox Skin Image Dataset/Measles/measles84.png,Measles,2
/content/dataset_raw_clean/Monkeypox Skin Image Dataset/Measles/measles75.png,Measles,2
/content/dataset_raw_clean/Monkeypox Skin Image Dataset/Measles/measles5.png,Measles,2
/content/dataset_raw_clean/Monkeypox Skin Image Dataset/Measles/measles11.png,Measles,2
/content/dataset_raw_clean/Monkeypox Skin Image Dataset/Measles/measles53.png,Measles,2
/content/dataset_raw_clean/Monkeypox Skin Image Dataset/Measles/measles62.png,Measles,2
/content/dataset_raw_clean/Monkeypox Skin Image Dataset/Measles/measles18.png,Measles,2
/content/dataset_raw_clean/Monkeypox Skin Image Dataset/Measles/measles68.png,Measles,2
/content/dataset_raw_clean/Monkeypox Skin Image Dataset/Measles/measles29.png,Measles,2
/content/dataset_raw_clean/Monkeypox Skin Image Dataset/Measles/measles3.png,Measles,2
/content/dataset_raw_clean/Monkeypox Skin Image Dataset/Measles/measles43.png,Measles,2
/content/dataset_raw_clean/Monkeypox Skin Image Dataset/Measles/measles65.png,Measles,2
/content/dataset_raw_clean/Monkeypox Skin Image Dataset/Measles/measles50.png,Measles,2
/content/dataset_raw_clean/Monkeypox Skin Image Dataset/Measles/measles33.png,Measles,2
/content/dataset_raw_clean/Monkeypox Skin Image Dataset/Measles/measles52.png,Measles,2
/content/dataset_raw_clean/Monkeypox Skin Image Dataset/Measles/measles49.png,Measles,2
/content/dataset_raw_clean/Monkeypox Skin Image Dataset/Measles/measles42.png,Measles,2
/content/dataset_raw_clean/Monkeypox Skin Image Dataset/Measles/measles88.png,Measles,2
/content/dataset_raw_clean/Monkeypox Skin Image Dataset/Measles/measles51.png,Measles,2
/content/dataset_raw_clean/Monkeypox Skin Image Dataset/Measles/measles10.png,Measles,2
/content/dataset_raw_clean/Monkeypox Skin Image Dataset/Measles/measles66.png,Measles,2
/content/dataset_raw_clean/Monkeypox Skin Image Dataset/Measles/measles13.png,Measles,2
/content/dataset_raw_clean/Monkeypox Skin Image Dataset/Measles/measles55.png,Measles,2
/content/dataset_raw_clean/Monkeypox Skin Image Dataset/Measles/measles9.png,Measles,2
/content/dataset_raw_clean/Monkeypox Skin Image Dataset/Measles/measles23.png,Measles,2
/content/dataset_raw_clean/Monkeypox Skin Image Dataset/Measles/measles1.png,Measles,2
/content/dataset_raw_clean/Monkeypox Skin Image Dataset/Measles/measles30.png,Measles,2
/content/dataset_raw_clean/Monkeypox Skin Image Dataset/Measles/measles70.png,Measles,2
/content/dataset_raw_clean/Monkeypox Skin Image Dataset/Measles/measles48.png,Measles,2
/content/dataset_raw_clean/Monkeypox Skin Image Dataset/Measles/measles67.png,Measles,2
/content/dataset_raw_clean/Monkeypox Skin Image Dataset/Measles/measles25.png,Measles,2
/content/dataset_raw_clean/Monkeypox Skin Image Dataset/Measles/measles56.png,Measles,2
/content/dataset_raw_clean/Monkeypox Skin Image Dataset/Measles/measles71.png,Measles,2
/content/dataset_raw_clean/Monkeypox Skin Image Dataset/Measles/measles44.png,Measles,2
/content/dataset_raw_clean/Monkeypox Skin Image Dataset/Measles/measles28.png,Measles,2
/content/dataset_raw_clean/Monkeypox Skin Image Dataset/Measles/measles19.png,Measles,2
/content/dataset_raw_clean/Monkeypox Skin Image Dataset/Measles/measles58.png,Measles,2
/content/dataset_raw_clean/Monkeypox Skin Image Dataset/Measles/measles21.png,Measles,2
/content/dataset_raw_clean/Monkeypox Skin Image Dataset/Measles/measles72.png,Measles,2
/content/dataset_raw_clean/Monkeypox Skin Image Dataset/Measles/measles83.png,Measles,2
/content/dataset_raw_clean/Monkeypox Skin Image Dataset/Measles/measles7.png,Measles,2
/content/dataset_raw_clean/Monkeypox Skin Image Dataset/Measles/measles39.png,Measles,2
/content/dataset_raw_clean/Monkeypox Skin Image Dataset/Measles/measles79.png,Measles,2
/content/dataset_raw_clean/Monkeypox Skin Image Dataset/Measles/measles46.png,Measles,2
/content/dataset_raw_clean/Monkeypox Skin Image Dataset/Measles/measles8.png,Measles,2
/content/dataset_raw_clean/Monkeypox Skin Image Dataset/Measles/measles81.png,Measles,2
/content/dataset_raw_clean/Monkeypox Skin Image Dataset/Monkeypox/monkeypox54.png,Monkeypox,0
/content/dataset_raw_clean/Monkeypox Skin Image Dataset/Monkeypox/monkeypox233.png,Monkeypox,0
/content/dataset_raw_clean/Monkeypox Skin Image Dataset/Monkeypox/monkeypox181.png,Monkeypox,0
/content/dataset_raw_clean/Monkeypox Skin Image Dataset/Monkeypox/monkeypox53.png,Monkeypox,0
/content/dataset_raw_clean/Monkeypox Skin Image Dataset/Monkeypox/monkeypox87.png,Monkeypox,0
/content/dataset_raw_clean/Monkeypox Skin Image Dataset/Monkeypox/monkeypox252.png,Monkeypox,0
/content/dataset_raw_clean/Monkeypox Skin Image Dataset/Monkeypox/monkeypox78.png,Monkeypox,0
/content/dataset_raw_clean/Monkeypox Skin Image Dataset/Monkeypox/monkeypox112.png,Monkeypox,0
/content/dataset_raw_clean/Monkeypox Skin Image Dataset/Monkeypox/monkeypox19.png,Monkeypox,0
/content/dataset_raw_clean/Monkeypox Skin Image Dataset/Monkeypox/monkeypox93.png,Monkeypox,0
/content/dataset_raw_clean/Monkeypox Skin Image Dataset/Monkeypox/monkeypox76.png,Monkeypox,0
/content/dataset_raw_clean/Monkeypox Skin Image Dataset/Monkeypox/monkeypox260.png,Monkeypox,0
/content/dataset_raw_clean/Monkeypox Skin Image Dataset/Monkeypox/monkeypox172.png,Monkeypox,0
/content/dataset_raw_clean/Monkeypox Skin Image Dataset/Monkeypox/monkeypox66.png,Monkeypox,0
/content/dataset_raw_clean/Monkeypox Skin Image Dataset/Monkeypox/monkeypox30.png,Monkeypox,0
/content/dataset_raw_clean/Monkeypox Skin Image Dataset/Monkeypox/monkeypox211.png,Monkeypox,0
/content/dataset_raw_clean/Monkeypox Skin Image Dataset/Monkeypox/monkeypox210.png,Monkeypox,0
/content/dataset_raw_clean/Monkeypox Skin Image Dataset/Monkeypox/monkeypox180.png,Monkeypox,0
/content/dataset_raw_clean/Monkeypox Skin Image Dataset/Monkeypox/monkeypox186.png,Monkeypox,0
/content/dataset_raw_clean/Monkeypox Skin Image Dataset/Monkeypox/monkeypox246.png,Monkeypox,0
/content/dataset_raw_clean/Monkeypox Skin Image Dataset/Monkeypox/monkeypox176.png,Monkeypox,0
/content/dataset_raw_clean/Monkeypox Skin Image Dataset/Monkeypox/monkeypox91.png,Monkeypox,0
/content/dataset_raw_clean/Monkeypox Skin Image Dataset/Monkeypox/monkeypox127.png,Monkeypox,0
/content/dataset_raw_clean/Monkeypox Skin Image Dataset/Monkeypox/monkeypox99.png,Monkeypox,0
/content/dataset_raw_clean/Monkeypox Skin Image Dataset/Monkeypox/monkeypox137.png,Monkeypox,0
/content/dataset_raw_clean/Monkeypox Skin Image Dataset/Monkeypox/monkeypox4.png,Monkeypox,0
/content/dataset_raw_clean/Monkeypox Skin Image Dataset/Monkeypox/monkeypox196.png,Monkeypox,0
/content/dataset_raw_clean/Monkeypox Skin Image Dataset/Monkeypox/monkeypox124.png,Monkeypox,0
/content/dataset_raw_clean/Monkeypox Skin Image Dataset/Monkeypox/monkeypox155.png,Monkeypox,0
/content/dataset_raw_clean/Monkeypox Skin Image Dataset/Monkeypox/monkeypox86.png,Monkeypox,0
/content/dataset_raw_clean/Monkeypox Skin Image Dataset/Monkeypox/monkeypox156.png,Monkeypox,0
/content/dataset_raw_clean/Monkeypox Skin Image Dataset/Monkeypox/monkeypox162.png,Monkeypox,0
/content/dataset_raw_clean/Monkeypox Skin Image Dataset/Monkeypox/monkeypox119.png,Monkeypox,0
/content/dataset_raw_clean/Monkeypox Skin Image Dataset/Monkeypox/monkeypox131.png,Monkeypox,0
/content/dataset_raw_clean/Monkeypox Skin Image Dataset/Monkeypox/monkeypox208.png,Monkeypox,0
/content/dataset_raw_clean/Monkeypox Skin Image Dataset/Monkeypox/monkeypox239.png,Monkeypox,0
/content/dataset_raw_clean/Monkeypox Skin Image Dataset/Monkeypox/monkeypox237.png,Monkeypox,0
/content/dataset_raw_clean/Monkeypox Skin Image Dataset/Monkeypox/monkeypox190.png,Monkeypox,0
/content/dataset_raw_clean/Monkeypox Skin Image Dataset/Monkeypox/monkeypox278.png,Monkeypox,0
/content/dataset_raw_clean/Monkeypox Skin Image Dataset/Monkeypox/monkeypox154.png,Monkeypox,0
/content/dataset_raw_clean/Monkeypox Skin Image Dataset/Monkeypox/monkeypox160.png,Monkeypox,0
/content/dataset_raw_clean/Monkeypox Skin Image Dataset/Monkeypox/monkeypox150.png,Monkeypox,0
/content/dataset_raw_clean/Monkeypox Skin Image Dataset/Monkeypox/monkeypox8.png,Monkeypox,0
/content/dataset_raw_clean/Monkeypox Skin Image Dataset/Monkeypox/monkeypox203.png,Monkeypox,0
/content/dataset_raw_clean/Monkeypox Skin Image Dataset/Monkeypox/monkeypox256.png,Monkeypox,0
/content/dataset_raw_clean/Monkeypox Skin Image Dataset/Monkeypox/monkeypox259.png,Monkeypox,0
/content/dataset_raw_clean/Monkeypox Skin Image Dataset/Monkeypox/monkeypox266.png,Monkeypox,0
/content/dataset_raw_clean/Monkeypox Skin Image Dataset/Monkeypox/monkeypox202.png,Monkeypox,0
/content/dataset_raw_clean/Monkeypox Skin Image Dataset/Monkeypox/monkeypox262.png,Monkeypox,0
/content/dataset_raw_clean/Monkeypox Skin Image Dataset/Monkeypox/monkeypox243.png,Monkeypox,0
/content/dataset_raw_clean/Monkeypox Skin Image Dataset/Monkeypox/monkeypox37.png,Monkeypox,0
/content/dataset_raw_clean/Monkeypox Skin Image Dataset/Monkeypox/monkeypox59.png,Monkeypox,0
/content/dataset_raw_clean/Monkeypox Skin Image Dataset/Monkeypox/monkeypox231.png,Monkeypox,0
/content/dataset_raw_clean/Monkeypox Skin Image Dataset/Monkeypox/monkeypox226.png,Monkeypox,0
/content/dataset_raw_clean/Monkeypox Skin Image Dataset/Monkeypox/monkeypox169.png,Monkeypox,0
/content/dataset_raw_clean/Monkeypox Skin Image Dataset/Monkeypox/monkeypox265.png,Monkeypox,0
/content/dataset_raw_clean/Monkeypox Skin Image Dataset/Monkeypox/monkeypox40.png,Monkeypox,0
/content/dataset_raw_clean/Monkeypox Skin Image Dataset/Monkeypox/monkeypox182.png,Monkeypox,0
/content/dataset_raw_clean/Monkeypox Skin Image Dataset/Monkeypox/monkeypox39.png,Monkeypox,0
/content/dataset_raw_clean/Monkeypox Skin Image Dataset/Monkeypox/monkeypox55.png,Monkeypox,0
/content/dataset_raw_clean/Monkeypox Skin Image Dataset/Monkeypox/monkeypox145.png,Monkeypox,0
/content/dataset_raw_clean/Monkeypox Skin Image Dataset/Monkeypox/monkeypox65.png,Monkeypox,0
/content/dataset_raw_clean/Monkeypox Skin Image Dataset/Monkeypox/monkeypox89.png,Monkeypox,0
/content/dataset_raw_clean/Monkeypox Skin Image Dataset/Monkeypox/monkeypox230.png,Monkeypox,0
/content/dataset_raw_clean/Monkeypox Skin Image Dataset/Monkeypox/monkeypox114.png,Monkeypox,0
/content/dataset_raw_clean/Monkeypox Skin Image Dataset/Monkeypox/monkeypox94.png,Monkeypox,0
/content/dataset_raw_clean/Monkeypox Skin Image Dataset/Monkeypox/monkeypox79.png,Monkeypox,0
/content/dataset_raw_clean/Monkeypox Skin Image Dataset/Monkeypox/monkeypox167.png,Monkeypox,0
/content/dataset_raw_clean/Monkeypox Skin Image Dataset/Monkeypox/monkeypox120.png,Monkeypox,0
/content/dataset_raw_clean/Monkeypox Skin Image Dataset/Monkeypox/monkeypox111.png,Monkeypox,0
/content/dataset_raw_clean/Monkeypox Skin Image Dataset/Monkeypox/monkeypox261.png,Monkeypox,0
/content/dataset_raw_clean/Monkeypox Skin Image Dataset/Monkeypox/monkeypox133.png,Monkeypox,0
/content/dataset_raw_clean/Monkeypox Skin Image Dataset/Monkeypox/monkeypox253.png,Monkeypox,0
/content/dataset_raw_clean/Monkeypox Skin Image Dataset/Monkeypox/monkeypox24.png,Monkeypox,0
/content/dataset_raw_clean/Monkeypox Skin Image Dataset/Monkeypox/monkeypox178.png,Monkeypox,0
/content/dataset_raw_clean/Monkeypox Skin Image Dataset/Monkeypox/monkeypox264.png,Monkeypox,0
/content/dataset_raw_clean/Monkeypox Skin Image Dataset/Monkeypox/monkeypox108.png,Monkeypox,0
/content/dataset_raw_clean/Monkeypox Skin Image Dataset/Monkeypox/monkeypox5.png,Monkeypox,0
/content/dataset_raw_clean/Monkeypox Skin Image Dataset/Monkeypox/monkeypox141.png,Monkeypox,0
/content/dataset_raw_clean/Monkeypox Skin Image Dataset/Monkeypox/monkeypox139.png,Monkeypox,0
/content/dataset_raw_clean/Monkeypox Skin Image Dataset/Monkeypox/monkeypox6.png,Monkeypox,0
/content/dataset_raw_clean/Monkeypox Skin Image Dataset/Monkeypox/monkeypox51.png,Monkeypox,0
/content/dataset_raw_clean/Monkeypox Skin Image Dataset/Monkeypox/monkeypox3.png,Monkeypox,0
/content/dataset_raw_clean/Monkeypox Skin Image Dataset/Monkeypox/monkeypox9.png,Monkeypox,0
/content/dataset_raw_clean/Monkeypox Skin Image Dataset/Monkeypox/monkeypox10.png,Monkeypox,0
/content/dataset_raw_clean/Monkeypox Skin Image Dataset/Monkeypox/monkeypox18.png,Monkeypox,0
/content/dataset_raw_clean/Monkeypox Skin Image Dataset/Monkeypox/monkeypox179.png,Monkeypox,0
/content/dataset_raw_clean/Monkeypox Skin Image Dataset/Monkeypox/monkeypox28.png,Monkeypox,0
/content/dataset_raw_clean/Monkeypox Skin Image Dataset/Monkeypox/monkeypox198.png,Monkeypox,0
/content/dataset_raw_clean/Monkeypox Skin Image Dataset/Monkeypox/monkeypox38.png,Monkeypox,0
/content/dataset_raw_clean/Monkeypox Skin Image Dataset/Monkeypox/monkeypox144.png,Monkeypox,0
/content/dataset_raw_clean/Monkeypox Skin Image Dataset/Monkeypox/monkeypox44.png,Monkeypox,0
/content/dataset_raw_clean/Monkeypox Skin Image Dataset/Monkeypox/monkeypox115.png,Monkeypox,0
/content/dataset_raw_clean/Monkeypox Skin Image Dataset/Monkeypox/monkeypox174.png,Monkeypox,0
/content/dataset_raw_clean/Monkeypox Skin Image Dataset/Monkeypox/monkeypox206.png,Monkeypox,0
/content/dataset_raw_clean/Monkeypox Skin Image Dataset/Monkeypox/monkeypox232.png,Monkeypox,0
/content/dataset_raw_clean/Monkeypox Skin Image Dataset/Monkeypox/monkeypox272.png,Monkeypox,0
/content/dataset_raw_clean/Monkeypox Skin Image Dataset/Monkeypox/monkeypox276.png,Monkeypox,0
/content/dataset_raw_clean/Monkeypox Skin Image Dataset/Monkeypox/monkeypox197.png,Monkeypox,0
/content/dataset_raw_clean/Monkeypox Skin Image Dataset/Monkeypox/monkeypox184.png,Monkeypox,0
/content/dataset_raw_clean/Monkeypox Skin Image Dataset/Monkeypox/monkeypox227.png,Monkeypox,0
/content/dataset_raw_clean/Monkeypox Skin Image Dataset/Monkeypox/monkeypox214.png,Monkeypox,0
/content/dataset_raw_clean/Monkeypox Skin Image Dataset/Monkeypox/monkeypox199.png,Monkeypox,0
/content/dataset_raw_clean/Monkeypox Skin Image Dataset/Monkeypox/monkeypox1.png,Monkeypox,0
/content/dataset_raw_clean/Monkeypox Skin Image Dataset/Monkeypox/monkeypox96.png,Monkeypox,0
/content/dataset_raw_clean/Monkeypox Skin Image Dataset/Monkeypox/monkeypox88.png,Monkeypox,0
/content/dataset_raw_clean/Monkeypox Skin Image Dataset/Monkeypox/monkeypox193.png,Monkeypox,0
/content/dataset_raw_clean/Monkeypox Skin Image Dataset/Monkeypox/monkeypox74.png,Monkeypox,0
/content/dataset_raw_clean/Monkeypox Skin Image Dataset/Monkeypox/monkeypox135.png,Monkeypox,0
/content/dataset_raw_clean/Monkeypox Skin Image Dataset/Monkeypox/monkeypox270.png,Monkeypox,0
/content/dataset_raw_clean/Monkeypox Skin Image Dataset/Monkeypox/monkeypox140.png,Monkeypox,0
/content/dataset_raw_clean/Monkeypox Skin Image Dataset/Monkeypox/monkeypox100.png,Monkeypox,0
/content/dataset_raw_clean/Monkeypox Skin Image Dataset/Monkeypox/monkeypox152.png,Monkeypox,0
/content/dataset_raw_clean/Monkeypox Skin Image Dataset/Monkeypox/monkeypox34.png,Monkeypox,0
/content/dataset_raw_clean/Monkeypox Skin Image Dataset/Monkeypox/monkeypox271.png,Monkeypox,0
/content/dataset_raw_clean/Monkeypox Skin Image Dataset/Monkeypox/monkeypox116.png,Monkeypox,0
/content/dataset_raw_clean/Monkeypox Skin Image Dataset/Monkeypox/monkeypox130.png,Monkeypox,0
/content/dataset_raw_clean/Monkeypox Skin Image Dataset/Monkeypox/monkeypox277.png,Monkeypox,0
/content/dataset_raw_clean/Monkeypox Skin Image Dataset/Monkeypox/monkeypox216.png,Monkeypox,0
/content/dataset_raw_clean/Monkeypox Skin Image Dataset/Monkeypox/monkeypox142.png,Monkeypox,0
/content/dataset_raw_clean/Monkeypox Skin Image Dataset/Monkeypox/monkeypox183.png,Monkeypox,0
/content/dataset_raw_clean/Monkeypox Skin Image Dataset/Monkeypox/monkeypox267.png,Monkeypox,0
/content/dataset_raw_clean/Monkeypox Skin Image Dataset/Monkeypox/monkeypox16.png,Monkeypox,0
/content/dataset_raw_clean/Monkeypox Skin Image Dataset/Monkeypox/monkeypox250.png,Monkeypox,0
/content/dataset_raw_clean/Monkeypox Skin Image Dataset/Monkeypox/monkeypox258.png,Monkeypox,0
/content/dataset_raw_clean/Monkeypox Skin Image Dataset/Monkeypox/monkeypox52.png,Monkeypox,0
/content/dataset_raw_clean/Monkeypox Skin Image Dataset/Monkeypox/monkeypox11.png,Monkeypox,0
/content/dataset_raw_clean/Monkeypox Skin Image Dataset/Monkeypox/monkeypox149.png,Monkeypox,0
/content/dataset_raw_clean/Monkeypox Skin Image Dataset/Monkeypox/monkeypox95.png,Monkeypox,0
/content/dataset_raw_clean/Monkeypox Skin Image Dataset/Monkeypox/monkeypox80.png,Monkeypox,0
/content/dataset_raw_clean/Monkeypox Skin Image Dataset/Monkeypox/monkeypox251.png,Monkeypox,0
/content/dataset_raw_clean/Monkeypox Skin Image Dataset/Monkeypox/monkeypox146.png,Monkeypox,0
/content/dataset_raw_clean/Monkeypox Skin Image Dataset/Monkeypox/monkeypox31.png,Monkeypox,0
/content/dataset_raw_clean/Monkeypox Skin Image Dataset/Monkeypox/monkeypox215.png,Monkeypox,0
/content/dataset_raw_clean/Monkeypox Skin Image Dataset/Monkeypox/monkeypox171.png,Monkeypox,0
/content/dataset_raw_clean/Monkeypox Skin Image Dataset/Monkeypox/monkeypox204.png,Monkeypox,0
/content/dataset_raw_clean/Monkeypox Skin Image Dataset/Monkeypox/monkeypox212.png,Monkeypox,0
/content/dataset_raw_clean/Monkeypox Skin Image Dataset/Monkeypox/monkeypox275.png,Monkeypox,0
/content/dataset_raw_clean/Monkeypox Skin Image Dataset/Monkeypox/monkeypox209.png,Monkeypox,0
/content/dataset_raw_clean/Monkeypox Skin Image Dataset/Monkeypox/monkeypox15.png,Monkeypox,0
/content/dataset_raw_clean/Monkeypox Skin Image Dataset/Monkeypox/monkeypox136.png,Monkeypox,0
/content/dataset_raw_clean/Monkeypox Skin Image Dataset/Monkeypox/monkeypox241.png,Monkeypox,0
/content/dataset_raw_clean/Monkeypox Skin Image Dataset/Monkeypox/monkeypox189.png,Monkeypox,0
/content/dataset_raw_clean/Monkeypox Skin Image Dataset/Monkeypox/monkeypox164.png,Monkeypox,0
/content/dataset_raw_clean/Monkeypox Skin Image Dataset/Monkeypox/monkeypox83.png,Monkeypox,0
/content/dataset_raw_clean/Monkeypox Skin Image Dataset/Monkeypox/monkeypox185.png,Monkeypox,0
/content/dataset_raw_clean/Monkeypox Skin Image Dataset/Monkeypox/monkeypox64.png,Monkeypox,0
/content/dataset_raw_clean/Monkeypox Skin Image Dataset/Monkeypox/monkeypox101.png,Monkeypox,0
/content/dataset_raw_clean/Monkeypox Skin Image Dataset/Monkeypox/monkeypox84.png,Monkeypox,0
/content/dataset_raw_clean/Monkeypox Skin Image Dataset/Monkeypox/monkeypox153.png,Monkeypox,0
/content/dataset_raw_clean/Monkeypox Skin Image Dataset/Monkeypox/monkeypox161.png,Monkeypox,0
/content/dataset_raw_clean/Monkeypox Skin Image Dataset/Monkeypox/monkeypox70.png,Monkeypox,0
/content/dataset_raw_clean/Monkeypox Skin Image Dataset/Monkeypox/monkeypox279.png,Monkeypox,0
/content/dataset_raw_clean/Monkeypox Skin Image Dataset/Monkeypox/monkeypox213.png,Monkeypox,0
/content/dataset_raw_clean/Monkeypox Skin Image Dataset/Monkeypox/monkeypox22.png,Monkeypox,0
/content/dataset_raw_clean/Monkeypox Skin Image Dataset/Monkeypox/monkeypox50.png,Monkeypox,0
/content/dataset_raw_clean/Monkeypox Skin Image Dataset/Monkeypox/monkeypox163.png,Monkeypox,0
/content/dataset_raw_clean/Monkeypox Skin Image Dataset/Monkeypox/monkeypox220.png,Monkeypox,0
/content/dataset_raw_clean/Monkeypox Skin Image Dataset/Monkeypox/monkeypox23.png,Monkeypox,0
/content/dataset_raw_clean/Monkeypox Skin Image Dataset/Monkeypox/monkeypox238.png,Monkeypox,0
/content/dataset_raw_clean/Monkeypox Skin Image Dataset/Monkeypox/monkeypox255.png,Monkeypox,0
/content/dataset_raw_clean/Monkeypox Skin Image Dataset/Monkeypox/monkeypox60.png,Monkeypox,0
/content/dataset_raw_clean/Monkeypox Skin Image Dataset/Monkeypox/monkeypox170.png,Monkeypox,0
/content/dataset_raw_clean/Monkeypox Skin Image Dataset/Monkeypox/monkeypox14.png,Monkeypox,0
/content/dataset_raw_clean/Monkeypox Skin Image Dataset/Monkeypox/monkeypox138.png,Monkeypox,0
/content/dataset_raw_clean/Monkeypox Skin Image Dataset/Monkeypox/monkeypox224.png,Monkeypox,0
/content/dataset_raw_clean/Monkeypox Skin Image Dataset/Monkeypox/monkeypox247.png,Monkeypox,0
/content/dataset_raw_clean/Monkeypox Skin Image Dataset/Monkeypox/monkeypox236.png,Monkeypox,0
/content/dataset_raw_clean/Monkeypox Skin Image Dataset/Monkeypox/monkeypox222.png,Monkeypox,0
/content/dataset_raw_clean/Monkeypox Skin Image Dataset/Monkeypox/monkeypox35.png,Monkeypox,0
/content/dataset_raw_clean/Monkeypox Skin Image Dataset/Monkeypox/monkeypox110.png,Monkeypox,0
/content/dataset_raw_clean/Monkeypox Skin Image Dataset/Monkeypox/monkeypox123.png,Monkeypox,0
/content/dataset_raw_clean/Monkeypox Skin Image Dataset/Monkeypox/monkeypox105.png,Monkeypox,0
/content/dataset_raw_clean/Monkeypox Skin Image Dataset/Monkeypox/monkeypox125.png,Monkeypox,0
/content/dataset_raw_clean/Monkeypox Skin Image Dataset/Monkeypox/monkeypox69.png,Monkeypox,0
/content/dataset_raw_clean/Monkeypox Skin Image Dataset/Monkeypox/monkeypox17.png,Monkeypox,0
/content/dataset_raw_clean/Monkeypox Skin Image Dataset/Monkeypox/monkeypox147.png,Monkeypox,0
/content/dataset_raw_clean/Monkeypox Skin Image Dataset/Monkeypox/monkeypox121.png,Monkeypox,0
/content/dataset_raw_clean/Monkeypox Skin Image Dataset/Monkeypox/monkeypox268.png,Monkeypox,0
/content/dataset_raw_clean/Monkeypox Skin Image Dataset/Monkeypox/monkeypox187.png,Monkeypox,0
/content/dataset_raw_clean/Monkeypox Skin Image Dataset/Monkeypox/monkeypox103.png,Monkeypox,0
/content/dataset_raw_clean/Monkeypox Skin Image Dataset/Monkeypox/monkeypox104.png,Monkeypox,0
/content/dataset_raw_clean/Monkeypox Skin Image Dataset/Monkeypox/monkeypox192.png,Monkeypox,0
/content/dataset_raw_clean/Monkeypox Skin Image Dataset/Monkeypox/monkeypox2.png,Monkeypox,0
/content/dataset_raw_clean/Monkeypox Skin Image Dataset/Monkeypox/monkeypox225.png,Monkeypox,0
/content/dataset_raw_clean/Monkeypox Skin Image Dataset/Monkeypox/monkeypox92.png,Monkeypox,0
/content/dataset_raw_clean/Monkeypox Skin Image Dataset/Monkeypox/monkeypox143.png,Monkeypox,0
/content/dataset_raw_clean/Monkeypox Skin Image Dataset/Monkeypox/monkeypox257.png,Monkeypox,0
/content/dataset_raw_clean/Monkeypox Skin Image Dataset/Monkeypox/monkeypox195.png,Monkeypox,0
/content/dataset_raw_clean/Monkeypox Skin Image Dataset/Monkeypox/monkeypox223.png,Monkeypox,0
/content/dataset_raw_clean/Monkeypox Skin Image Dataset/Monkeypox/monkeypox221.png,Monkeypox,0
/content/dataset_raw_clean/Monkeypox Skin Image Dataset/Monkeypox/monkeypox13.png,Monkeypox,0
/content/dataset_raw_clean/Monkeypox Skin Image Dataset/Monkeypox/monkeypox25.png,Monkeypox,0
/content/dataset_raw_clean/Monkeypox Skin Image Dataset/Monkeypox/monkeypox158.png,Monkeypox,0
/content/dataset_raw_clean/Monkeypox Skin Image Dataset/Monkeypox/monkeypox159.png,Monkeypox,0
/content/dataset_raw_clean/Monkeypox Skin Image Dataset/Monkeypox/monkeypox33.png,Monkeypox,0
/content/dataset_raw_clean/Monkeypox Skin Image Dataset/Monkeypox/monkeypox42.png,Monkeypox,0
/content/dataset_raw_clean/Monkeypox Skin Image Dataset/Monkeypox/monkeypox113.png,Monkeypox,0
/content/dataset_raw_clean/Monkeypox Skin Image Dataset/Monkeypox/monkeypox235.png,Monkeypox,0
/content/dataset_raw_clean/Monkeypox Skin Image Dataset/Monkeypox/monkeypox20.png,Monkeypox,0
/content/dataset_raw_clean/Monkeypox Skin Image Dataset/Monkeypox/monkeypox165.png,Monkeypox,0
/content/dataset_raw_clean/Monkeypox Skin Image Dataset/Monkeypox/monkeypox43.png,Monkeypox,0
/content/dataset_raw_clean/Monkeypox Skin Image Dataset/Monkeypox/monkeypox117.png,Monkeypox,0
/content/dataset_raw_clean/Monkeypox Skin Image Dataset/Monkeypox/monkeypox12.png,Monkeypox,0
/content/dataset_raw_clean/Monkeypox Skin Image Dataset/Monkeypox/monkeypox148.png,Monkeypox,0
/content/dataset_raw_clean/Monkeypox Skin Image Dataset/Monkeypox/monkeypox62.png,Monkeypox,0
/content/dataset_raw_clean/Monkeypox Skin Image Dataset/Monkeypox/monkeypox129.png,Monkeypox,0
/content/dataset_raw_clean/Monkeypox Skin Image Dataset/Monkeypox/monkeypox229.png,Monkeypox,0
/content/dataset_raw_clean/Monkeypox Skin Image Dataset/Monkeypox/monkeypox29.png,Monkeypox,0
/content/dataset_raw_clean/Monkeypox Skin Image Dataset/Monkeypox/monkeypox61.png,Monkeypox,0
/content/dataset_raw_clean/Monkeypox Skin Image Dataset/Monkeypox/monkeypox249.png,Monkeypox,0
/content/dataset_raw_clean/Monkeypox Skin Image Dataset/Monkeypox/monkeypox274.png,Monkeypox,0
/content/dataset_raw_clean/Monkeypox Skin Image Dataset/Monkeypox/monkeypox218.png,Monkeypox,0
/content/dataset_raw_clean/Monkeypox Skin Image Dataset/Monkeypox/monkeypox240.png,Monkeypox,0
/content/dataset_raw_clean/Monkeypox Skin Image Dataset/Monkeypox/monkeypox191.png,Monkeypox,0
/content/dataset_raw_clean/Monkeypox Skin Image Dataset/Monkeypox/monkeypox175.png,Monkeypox,0
/content/dataset_raw_clean/Monkeypox Skin Image Dataset/Monkeypox/monkeypox173.png,Monkeypox,0
/content/dataset_raw_clean/Monkeypox Skin Image Dataset/Monkeypox/monkeypox254.png,Monkeypox,0
/content/dataset_raw_clean/Monkeypox Skin Image Dataset/Monkeypox/monkeypox58.png,Monkeypox,0
/content/dataset_raw_clean/Monkeypox Skin Image Dataset/Monkeypox/monkeypox27.png,Monkeypox,0
/content/dataset_raw_clean/Monkeypox Skin Image Dataset/Monkeypox/monkeypox85.png,Monkeypox,0
/content/dataset_raw_clean/Monkeypox Skin Image Dataset/Monkeypox/monkeypox188.png,Monkeypox,0
/content/dataset_raw_clean/Monkeypox Skin Image Dataset/Monkeypox/monkeypox217.png,Monkeypox,0
/content/dataset_raw_clean/Monkeypox Skin Image Dataset/Monkeypox/monkeypox67.png,Monkeypox,0
/content/dataset_raw_clean/Monkeypox Skin Image Dataset/Monkeypox/monkeypox244.png,Monkeypox,0
/content/dataset_raw_clean/Monkeypox Skin Image Dataset/Monkeypox/monkeypox32.png,Monkeypox,0
/content/dataset_raw_clean/Monkeypox Skin Image Dataset/Monkeypox/monkeypox106.png,Monkeypox,0
/content/dataset_raw_clean/Monkeypox Skin Image Dataset/Monkeypox/monkeypox98.png,Monkeypox,0
/content/dataset_raw_clean/Monkeypox Skin Image Dataset/Monkeypox/monkeypox48.png,Monkeypox,0
/content/dataset_raw_clean/Monkeypox Skin Image Dataset/Monkeypox/monkeypox126.png,Monkeypox,0
/content/dataset_raw_clean/Monkeypox Skin Image Dataset/Monkeypox/monkeypox207.png,Monkeypox,0
/content/dataset_raw_clean/Monkeypox Skin Image Dataset/Monkeypox/monkeypox201.png,Monkeypox,0
/content/dataset_raw_clean/Monkeypox Skin Image Dataset/Monkeypox/monkeypox263.png,Monkeypox,0
/content/dataset_raw_clean/Monkeypox Skin Image Dataset/Monkeypox/monkeypox134.png,Monkeypox,0
/content/dataset_raw_clean/Monkeypox Skin Image Dataset/Monkeypox/monkeypox57.png,Monkeypox,0
/content/dataset_raw_clean/Monkeypox Skin Image Dataset/Monkeypox/monkeypox77.png,Monkeypox,0
/content/dataset_raw_clean/Monkeypox Skin Image Dataset/Monkeypox/monkeypox248.png,Monkeypox,0
/content/dataset_raw_clean/Monkeypox Skin Image Dataset/Monkeypox/monkeypox72.png,Monkeypox,0
/content/dataset_raw_clean/Monkeypox Skin Image Dataset/Monkeypox/monkeypox118.png,Monkeypox,0
/content/dataset_raw_clean/Monkeypox Skin Image Dataset/Monkeypox/monkeypox200.png,Monkeypox,0
/content/dataset_raw_clean/Monkeypox Skin Image Dataset/Monkeypox/monkeypox128.png,Monkeypox,0
/content/dataset_raw_clean/Monkeypox Skin Image Dataset/Monkeypox/monkeypox75.png,Monkeypox,0
/content/dataset_raw_clean/Monkeypox Skin Image Dataset/Monkeypox/monkeypox63.png,Monkeypox,0
/content/dataset_raw_clean/Monkeypox Skin Image Dataset/Monkeypox/monkeypox7.png,Monkeypox,0
/content/dataset_raw_clean/Monkeypox Skin Image Dataset/Monkeypox/monkeypox49.png,Monkeypox,0
/content/dataset_raw_clean/Monkeypox Skin Image Dataset/Monkeypox/monkeypox46.png,Monkeypox,0
/content/dataset_raw_clean/Monkeypox Skin Image Dataset/Monkeypox/monkeypox68.png,Monkeypox,0
/content/dataset_raw_clean/Monkeypox Skin Image Dataset/Monkeypox/monkeypox41.png,Monkeypox,0
/content/dataset_raw_clean/Monkeypox Skin Image Dataset/Monkeypox/monkeypox219.png,Monkeypox,0
/content/dataset_raw_clean/Monkeypox Skin Image Dataset/Monkeypox/monkeypox47.png,Monkeypox,0
/content/dataset_raw_clean/Monkeypox Skin Image Dataset/Monkeypox/monkeypox21.png,Monkeypox,0
/content/dataset_raw_clean/Monkeypox Skin Image Dataset/Monkeypox/monkeypox36.png,Monkeypox,0
/content/dataset_raw_clean/Monkeypox Skin Image Dataset/Monkeypox/monkeypox107.png,Monkeypox,0
/content/dataset_raw_clean/Monkeypox Skin Image Dataset/Monkeypox/monkeypox73.png,Monkeypox,0
/content/dataset_raw_clean/Monkeypox Skin Image Dataset/Monkeypox/monkeypox109.png,Monkeypox,0
/content/dataset_raw_clean/Monkeypox Skin Image Dataset/Monkeypox/monkeypox26.png,Monkeypox,0
/content/dataset_raw_clean/Monkeypox Skin Image Dataset/Monkeypox/monkeypox151.png,Monkeypox,0
/content/dataset_raw_clean/Monkeypox Skin Image Dataset/Monkeypox/monkeypox71.png,Monkeypox,0
/content/dataset_raw_clean/Monkeypox Skin Image Dataset/Monkeypox/monkeypox132.png,Monkeypox,0
/content/dataset_raw_clean/Monkeypox Skin Image Dataset/Monkeypox/monkeypox273.png,Monkeypox,0
/content/dataset_raw_clean/Monkeypox Skin Image Dataset/Monkeypox/monkeypox177.png,Monkeypox,0
/content/dataset_raw_clean/Monkeypox Skin Image Dataset/Monkeypox/monkeypox90.png,Monkeypox,0
/content/dataset_raw_clean/Monkeypox Skin Image Dataset/Monkeypox/monkeypox157.png,Monkeypox,0
/content/dataset_raw_clean/Monkeypox Skin Image Dataset/Monkeypox/monkeypox97.png,Monkeypox,0
/content/dataset_raw_clean/Monkeypox Skin Image Dataset/Monkeypox/monkeypox166.png,Monkeypox,0
/content/dataset_raw_clean/Monkeypox Skin Image Dataset/Monkeypox/monkeypox122.png,Monkeypox,0
/content/dataset_raw_clean/Monkeypox Skin Image Dataset/Monkeypox/monkeypox194.png,Monkeypox,0
/content/dataset_raw_clean/Monkeypox Skin Image Dataset/Monkeypox/monkeypox168.png,Monkeypox,0
/content/dataset_raw_clean/Monkeypox Skin Image Dataset/Monkeypox/monkeypox81.png,Monkeypox,0
/content/dataset_raw_clean/Monkeypox Skin Image Dataset/Monkeypox/monkeypox45.png,Monkeypox,0
/content/dataset_raw_clean/Monkeypox Skin Image Dataset/Monkeypox/monkeypox205.png,Monkeypox,0
/content/dataset_raw_clean/Monkeypox Skin Image Dataset/Monkeypox/monkeypox102.png,Monkeypox,0
/content/dataset_raw_clean/Monkeypox Skin Image Dataset/Monkeypox/monkeypox234.png,Monkeypox,0
/content/dataset_raw_clean/Monkeypox Skin Image Dataset/Monkeypox/monkeypox228.png,Monkeypox,0
/content/dataset_raw_clean/Monkeypox Skin Image Dataset/Monkeypox/monkeypox56.png,Monkeypox,0
/content/dataset_raw_clean/Monkeypox Skin Image Dataset/Monkeypox/monkeypox82.png,Monkeypox,0
/content/dataset_raw_clean/Monkeypox Skin Image Dataset/Monkeypox/monkeypox242.png,Monkeypox,0
/content/dataset_raw_clean/Monkeypox Skin Image Dataset/Normal/normal272.png,Normal,3
/content/dataset_raw_clean/Monkeypox Skin Image Dataset/Normal/normal79.png,Normal,3
/content/dataset_raw_clean/Monkeypox Skin Image Dataset/Normal/normal81.png,Normal,3
/content/dataset_raw_clean/Monkeypox Skin Image Dataset/Normal/normal287.png,Normal,3
/content/dataset_raw_clean/Monkeypox Skin Image Dataset/Normal/normal281.png,Normal,3
/content/dataset_raw_clean/Monkeypox Skin Image Dataset/Normal/normal290.png,Normal,3
/content/dataset_raw_clean/Monkeypox Skin Image Dataset/Normal/normal91.png,Normal,3
/content/dataset_raw_clean/Monkeypox Skin Image Dataset/Normal/normal21.png,Normal,3
/content/dataset_raw_clean/Monkeypox Skin Image Dataset/Normal/normal46.png,Normal,3
/content/dataset_raw_clean/Monkeypox Skin Image Dataset/Normal/normal33.png,Normal,3
/content/dataset_raw_clean/Monkeypox Skin Image Dataset/Normal/normal96.png,Normal,3
/content/dataset_raw_clean/Monkeypox Skin Image Dataset/Normal/normal52.png,Normal,3
/content/dataset_raw_clean/Monkeypox Skin Image Dataset/Normal/normal119.png,Normal,3
/content/dataset_raw_clean/Monkeypox Skin Image Dataset/Normal/normal1.png,Normal,3
/content/dataset_raw_clean/Monkeypox Skin Image Dataset/Normal/normal23.png,Normal,3
/content/dataset_raw_clean/Monkeypox Skin Image Dataset/Normal/normal9.png,Normal,3
/content/dataset_raw_clean/Monkeypox Skin Image Dataset/Normal/normal240.png,Normal,3
/content/dataset_raw_clean/Monkeypox Skin Image Dataset/Normal/normal284.png,Normal,3
/content/dataset_raw_clean/Monkeypox Skin Image Dataset/Normal/normal116.png,Normal,3
/content/dataset_raw_clean/Monkeypox Skin Image Dataset/Normal/normal95.png,Normal,3
/content/dataset_raw_clean/Monkeypox Skin Image Dataset/Normal/normal269.png,Normal,3
/content/dataset_raw_clean/Monkeypox Skin Image Dataset/Normal/normal138.png,Normal,3
/content/dataset_raw_clean/Monkeypox Skin Image Dataset/Normal/normal249.png,Normal,3
/content/dataset_raw_clean/Monkeypox Skin Image Dataset/Normal/normal28.png,Normal,3
/content/dataset_raw_clean/Monkeypox Skin Image Dataset/Normal/normal7.png,Normal,3
/content/dataset_raw_clean/Monkeypox Skin Image Dataset/Normal/normal207.png,Normal,3
/content/dataset_raw_clean/Monkeypox Skin Image Dataset/Normal/normal40.png,Normal,3
/content/dataset_raw_clean/Monkeypox Skin Image Dataset/Normal/normal27.png,Normal,3
/content/dataset_raw_clean/Monkeypox Skin Image Dataset/Normal/normal56.png,Normal,3
/content/dataset_raw_clean/Monkeypox Skin Image Dataset/Normal/normal205.png,Normal,3
/content/dataset_raw_clean/Monkeypox Skin Image Dataset/Normal/normal133.png,Normal,3
/content/dataset_raw_clean/Monkeypox Skin Image Dataset/Normal/normal89.png,Normal,3
/content/dataset_raw_clean/Monkeypox Skin Image Dataset/Normal/normal189.png,Normal,3
/content/dataset_raw_clean/Monkeypox Skin Image Dataset/Normal/normal254.png,Normal,3
/content/dataset_raw_clean/Monkeypox Skin Image Dataset/Normal/normal241.png,Normal,3
/content/dataset_raw_clean/Monkeypox Skin Image Dataset/Normal/normal72.png,Normal,3
/content/dataset_raw_clean/Monkeypox Skin Image Dataset/Normal/normal213.png,Normal,3
/content/dataset_raw_clean/Monkeypox Skin Image Dataset/Normal/normal106.png,Normal,3
/content/dataset_raw_clean/Monkeypox Skin Image Dataset/Normal/normal54.png,Normal,3
/content/dataset_raw_clean/Monkeypox Skin Image Dataset/Normal/normal99.png,Normal,3
/content/dataset_raw_clean/Monkeypox Skin Image Dataset/Normal/normal151.png,Normal,3
/content/dataset_raw_clean/Monkeypox Skin Image Dataset/Normal/normal18.png,Normal,3
/content/dataset_raw_clean/Monkeypox Skin Image Dataset/Normal/normal29.png,Normal,3
/content/dataset_raw_clean/Monkeypox Skin Image Dataset/Normal/normal217.png,Normal,3
/content/dataset_raw_clean/Monkeypox Skin Image Dataset/Normal/normal183.png,Normal,3
/content/dataset_raw_clean/Monkeypox Skin Image Dataset/Normal/normal154.png,Normal,3
/content/dataset_raw_clean/Monkeypox Skin Image Dataset/Normal/normal168.png,Normal,3
/content/dataset_raw_clean/Monkeypox Skin Image Dataset/Normal/normal258.png,Normal,3
/content/dataset_raw_clean/Monkeypox Skin Image Dataset/Normal/normal85.png,Normal,3
/content/dataset_raw_clean/Monkeypox Skin Image Dataset/Normal/normal193.png,Normal,3
/content/dataset_raw_clean/Monkeypox Skin Image Dataset/Normal/normal255.png,Normal,3
/content/dataset_raw_clean/Monkeypox Skin Image Dataset/Normal/normal120.png,Normal,3
/content/dataset_raw_clean/Monkeypox Skin Image Dataset/Normal/normal131.png,Normal,3
/content/dataset_raw_clean/Monkeypox Skin Image Dataset/Normal/normal113.png,Normal,3
/content/dataset_raw_clean/Monkeypox Skin Image Dataset/Normal/normal15.png,Normal,3
/content/dataset_raw_clean/Monkeypox Skin Image Dataset/Normal/normal65.png,Normal,3
/content/dataset_raw_clean/Monkeypox Skin Image Dataset/Normal/normal191.png,Normal,3
/content/dataset_raw_clean/Monkeypox Skin Image Dataset/Normal/normal63.png,Normal,3
/content/dataset_raw_clean/Monkeypox Skin Image Dataset/Normal/normal155.png,Normal,3
/content/dataset_raw_clean/Monkeypox Skin Image Dataset/Normal/normal231.png,Normal,3
/content/dataset_raw_clean/Monkeypox Skin Image Dataset/Normal/normal115.png,Normal,3
/content/dataset_raw_clean/Monkeypox Skin Image Dataset/Normal/normal260.png,Normal,3
/content/dataset_raw_clean/Monkeypox Skin Image Dataset/Normal/normal126.png,Normal,3
/content/dataset_raw_clean/Monkeypox Skin Image Dataset/Normal/normal161.png,Normal,3
/content/dataset_raw_clean/Monkeypox Skin Image Dataset/Normal/normal165.png,Normal,3
/content/dataset_raw_clean/Monkeypox Skin Image Dataset/Normal/normal212.png,Normal,3
/content/dataset_raw_clean/Monkeypox Skin Image Dataset/Normal/normal179.png,Normal,3
/content/dataset_raw_clean/Monkeypox Skin Image Dataset/Normal/normal199.png,Normal,3
/content/dataset_raw_clean/Monkeypox Skin Image Dataset/Normal/normal147.png,Normal,3
/content/dataset_raw_clean/Monkeypox Skin Image Dataset/Normal/normal289.png,Normal,3
/content/dataset_raw_clean/Monkeypox Skin Image Dataset/Normal/normal198.png,Normal,3
/content/dataset_raw_clean/Monkeypox Skin Image Dataset/Normal/normal109.png,Normal,3
/content/dataset_raw_clean/Monkeypox Skin Image Dataset/Normal/normal283.png,Normal,3
/content/dataset_raw_clean/Monkeypox Skin Image Dataset/Normal/normal214.png,Normal,3
/content/dataset_raw_clean/Monkeypox Skin Image Dataset/Normal/normal263.png,Normal,3
/content/dataset_raw_clean/Monkeypox Skin Image Dataset/Normal/normal14.png,Normal,3
/content/dataset_raw_clean/Monkeypox Skin Image Dataset/Normal/normal49.png,Normal,3
/content/dataset_raw_clean/Monkeypox Skin Image Dataset/Normal/normal3.png,Normal,3
/content/dataset_raw_clean/Monkeypox Skin Image Dataset/Normal/normal84.png,Normal,3
/content/dataset_raw_clean/Monkeypox Skin Image Dataset/Normal/normal188.png,Normal,3
/content/dataset_raw_clean/Monkeypox Skin Image Dataset/Normal/normal247.png,Normal,3
/content/dataset_raw_clean/Monkeypox Skin Image Dataset/Normal/normal285.png,Normal,3
/content/dataset_raw_clean/Monkeypox Skin Image Dataset/Normal/normal105.png,Normal,3
/content/dataset_raw_clean/Monkeypox Skin Image Dataset/Normal/normal77.png,Normal,3
/content/dataset_raw_clean/Monkeypox Skin Image Dataset/Normal/normal50.png,Normal,3
/content/dataset_raw_clean/Monkeypox Skin Image Dataset/Normal/normal37.png,Normal,3
/content/dataset_raw_clean/Monkeypox Skin Image Dataset/Normal/normal136.png,Normal,3
/content/dataset_raw_clean/Monkeypox Skin Image Dataset/Normal/normal129.png,Normal,3
/content/dataset_raw_clean/Monkeypox Skin Image Dataset/Normal/normal265.png,Normal,3
/content/dataset_raw_clean/Monkeypox Skin Image Dataset/Normal/normal180.png,Normal,3
/content/dataset_raw_clean/Monkeypox Skin Image Dataset/Normal/normal123.png,Normal,3
/content/dataset_raw_clean/Monkeypox Skin Image Dataset/Normal/normal242.png,Normal,3
/content/dataset_raw_clean/Monkeypox Skin Image Dataset/Normal/normal48.png,Normal,3
/content/dataset_raw_clean/Monkeypox Skin Image Dataset/Normal/normal164.png,Normal,3
/content/dataset_raw_clean/Monkeypox Skin Image Dataset/Normal/normal157.png,Normal,3
/content/dataset_raw_clean/Monkeypox Skin Image Dataset/Normal/normal124.png,Normal,3
/content/dataset_raw_clean/Monkeypox Skin Image Dataset/Normal/normal144.png,Normal,3
/content/dataset_raw_clean/Monkeypox Skin Image Dataset/Normal/normal216.png,Normal,3
/content/dataset_raw_clean/Monkeypox Skin Image Dataset/Normal/normal288.png,Normal,3
/content/dataset_raw_clean/Monkeypox Skin Image Dataset/Normal/normal12.png,Normal,3
/content/dataset_raw_clean/Monkeypox Skin Image Dataset/Normal/normal90.png,Normal,3
/content/dataset_raw_clean/Monkeypox Skin Image Dataset/Normal/normal236.png,Normal,3
/content/dataset_raw_clean/Monkeypox Skin Image Dataset/Normal/normal178.png,Normal,3
/content/dataset_raw_clean/Monkeypox Skin Image Dataset/Normal/normal201.png,Normal,3
/content/dataset_raw_clean/Monkeypox Skin Image Dataset/Normal/normal19.png,Normal,3
/content/dataset_raw_clean/Monkeypox Skin Image Dataset/Normal/normal108.png,Normal,3
/content/dataset_raw_clean/Monkeypox Skin Image Dataset/Normal/normal121.png,Normal,3
/content/dataset_raw_clean/Monkeypox Skin Image Dataset/Normal/normal166.png,Normal,3
/content/dataset_raw_clean/Monkeypox Skin Image Dataset/Normal/normal253.png,Normal,3
/content/dataset_raw_clean/Monkeypox Skin Image Dataset/Normal/normal11.png,Normal,3
/content/dataset_raw_clean/Monkeypox Skin Image Dataset/Normal/normal88.png,Normal,3
/content/dataset_raw_clean/Monkeypox Skin Image Dataset/Normal/normal230.png,Normal,3
/content/dataset_raw_clean/Monkeypox Skin Image Dataset/Normal/normal204.png,Normal,3
/content/dataset_raw_clean/Monkeypox Skin Image Dataset/Normal/normal22.png,Normal,3
/content/dataset_raw_clean/Monkeypox Skin Image Dataset/Normal/normal223.png,Normal,3
/content/dataset_raw_clean/Monkeypox Skin Image Dataset/Normal/normal171.png,Normal,3
/content/dataset_raw_clean/Monkeypox Skin Image Dataset/Normal/normal233.png,Normal,3
/content/dataset_raw_clean/Monkeypox Skin Image Dataset/Normal/normal181.png,Normal,3
/content/dataset_raw_clean/Monkeypox Skin Image Dataset/Normal/normal226.png,Normal,3
/content/dataset_raw_clean/Monkeypox Skin Image Dataset/Normal/normal172.png,Normal,3
/content/dataset_raw_clean/Monkeypox Skin Image Dataset/Normal/normal101.png,Normal,3
/content/dataset_raw_clean/Monkeypox Skin Image Dataset/Normal/normal278.png,Normal,3
/content/dataset_raw_clean/Monkeypox Skin Image Dataset/Normal/normal31.png,Normal,3
/content/dataset_raw_clean/Monkeypox Skin Image Dataset/Normal/normal103.png,Normal,3
/content/dataset_raw_clean/Monkeypox Skin Image Dataset/Normal/normal252.png,Normal,3
/content/dataset_raw_clean/Monkeypox Skin Image Dataset/Normal/normal145.png,Normal,3
/content/dataset_raw_clean/Monkeypox Skin Image Dataset/Normal/normal221.png,Normal,3
/content/dataset_raw_clean/Monkeypox Skin Image Dataset/Normal/normal98.png,Normal,3
/content/dataset_raw_clean/Monkeypox Skin Image Dataset/Normal/normal246.png,Normal,3
/content/dataset_raw_clean/Monkeypox Skin Image Dataset/Normal/normal282.png,Normal,3
/content/dataset_raw_clean/Monkeypox Skin Image Dataset/Normal/normal293.png,Normal,3
/content/dataset_raw_clean/Monkeypox Skin Image Dataset/Normal/normal175.png,Normal,3
/content/dataset_raw_clean/Monkeypox Skin Image Dataset/Normal/normal92.png,Normal,3
/content/dataset_raw_clean/Monkeypox Skin Image Dataset/Normal/normal227.png,Normal,3
/content/dataset_raw_clean/Monkeypox Skin Image Dataset/Normal/normal159.png,Normal,3
/content/dataset_raw_clean/Monkeypox Skin Image Dataset/Normal/normal20.png,Normal,3
/content/dataset_raw_clean/Monkeypox Skin Image Dataset/Normal/normal264.png,Normal,3
/content/dataset_raw_clean/Monkeypox Skin Image Dataset/Normal/normal30.png,Normal,3
/content/dataset_raw_clean/Monkeypox Skin Image Dataset/Normal/normal140.png,Normal,3
/content/dataset_raw_clean/Monkeypox Skin Image Dataset/Normal/normal251.png,Normal,3
/content/dataset_raw_clean/Monkeypox Skin Image Dataset/Normal/normal86.png,Normal,3
/content/dataset_raw_clean/Monkeypox Skin Image Dataset/Normal/normal55.png,Normal,3
/content/dataset_raw_clean/Monkeypox Skin Image Dataset/Normal/normal8.png,Normal,3
/content/dataset_raw_clean/Monkeypox Skin Image Dataset/Normal/normal196.png,Normal,3
/content/dataset_raw_clean/Monkeypox Skin Image Dataset/Normal/normal186.png,Normal,3
/content/dataset_raw_clean/Monkeypox Skin Image Dataset/Normal/normal104.png,Normal,3
/content/dataset_raw_clean/Monkeypox Skin Image Dataset/Normal/normal139.png,Normal,3
/content/dataset_raw_clean/Monkeypox Skin Image Dataset/Normal/normal271.png,Normal,3
/content/dataset_raw_clean/Monkeypox Skin Image Dataset/Normal/normal220.png,Normal,3
/content/dataset_raw_clean/Monkeypox Skin Image Dataset/Normal/normal39.png,Normal,3
/content/dataset_raw_clean/Monkeypox Skin Image Dataset/Normal/normal248.png,Normal,3
/content/dataset_raw_clean/Monkeypox Skin Image Dataset/Normal/normal32.png,Normal,3
/content/dataset_raw_clean/Monkeypox Skin Image Dataset/Normal/normal102.png,Normal,3
/content/dataset_raw_clean/Monkeypox Skin Image Dataset/Normal/normal156.png,Normal,3
/content/dataset_raw_clean/Monkeypox Skin Image Dataset/Normal/normal234.png,Normal,3
/content/dataset_raw_clean/Monkeypox Skin Image Dataset/Normal/normal239.png,Normal,3
/content/dataset_raw_clean/Monkeypox Skin Image Dataset/Normal/normal74.png,Normal,3
/content/dataset_raw_clean/Monkeypox Skin Image Dataset/Normal/normal219.png,Normal,3
/content/dataset_raw_clean/Monkeypox Skin Image Dataset/Normal/normal211.png,Normal,3
/content/dataset_raw_clean/Monkeypox Skin Image Dataset/Normal/normal259.png,Normal,3
/content/dataset_raw_clean/Monkeypox Skin Image Dataset/Normal/normal197.png,Normal,3
/content/dataset_raw_clean/Monkeypox Skin Image Dataset/Normal/normal208.png,Normal,3
/content/dataset_raw_clean/Monkeypox Skin Image Dataset/Normal/normal209.png,Normal,3
/content/dataset_raw_clean/Monkeypox Skin Image Dataset/Normal/normal100.png,Normal,3
/content/dataset_raw_clean/Monkeypox Skin Image Dataset/Normal/normal262.png,Normal,3
/content/dataset_raw_clean/Monkeypox Skin Image Dataset/Normal/normal149.png,Normal,3
/content/dataset_raw_clean/Monkeypox Skin Image Dataset/Normal/normal118.png,Normal,3
/content/dataset_raw_clean/Monkeypox Skin Image Dataset/Normal/normal250.png,Normal,3
/content/dataset_raw_clean/Monkeypox Skin Image Dataset/Normal/normal130.png,Normal,3
/content/dataset_raw_clean/Monkeypox Skin Image Dataset/Normal/normal82.png,Normal,3
/content/dataset_raw_clean/Monkeypox Skin Image Dataset/Normal/normal163.png,Normal,3
/content/dataset_raw_clean/Monkeypox Skin Image Dataset/Normal/normal47.png,Normal,3
/content/dataset_raw_clean/Monkeypox Skin Image Dataset/Normal/normal2.png,Normal,3
/content/dataset_raw_clean/Monkeypox Skin Image Dataset/Normal/normal224.png,Normal,3
/content/dataset_raw_clean/Monkeypox Skin Image Dataset/Normal/normal274.png,Normal,3
/content/dataset_raw_clean/Monkeypox Skin Image Dataset/Normal/normal292.png,Normal,3
/content/dataset_raw_clean/Monkeypox Skin Image Dataset/Normal/normal152.png,Normal,3
/content/dataset_raw_clean/Monkeypox Skin Image Dataset/Normal/normal142.png,Normal,3
/content/dataset_raw_clean/Monkeypox Skin Image Dataset/Normal/normal270.png,Normal,3
/content/dataset_raw_clean/Monkeypox Skin Image Dataset/Normal/normal203.png,Normal,3
/content/dataset_raw_clean/Monkeypox Skin Image Dataset/Normal/normal83.png,Normal,3
/content/dataset_raw_clean/Monkeypox Skin Image Dataset/Normal/normal128.png,Normal,3
/content/dataset_raw_clean/Monkeypox Skin Image Dataset/Normal/normal6.png,Normal,3
/content/dataset_raw_clean/Monkeypox Skin Image Dataset/Normal/normal280.png,Normal,3
/content/dataset_raw_clean/Monkeypox Skin Image Dataset/Normal/normal190.png,Normal,3
/content/dataset_raw_clean/Monkeypox Skin Image Dataset/Normal/normal25.png,Normal,3
/content/dataset_raw_clean/Monkeypox Skin Image Dataset/Normal/normal150.png,Normal,3
/content/dataset_raw_clean/Monkeypox Skin Image Dataset/Normal/normal143.png,Normal,3
/content/dataset_raw_clean/Monkeypox Skin Image Dataset/Normal/normal94.png,Normal,3
/content/dataset_raw_clean/Monkeypox Skin Image Dataset/Normal/normal53.png,Normal,3
/content/dataset_raw_clean/Monkeypox Skin Image Dataset/Normal/normal134.png,Normal,3
/content/dataset_raw_clean/Monkeypox Skin Image Dataset/Normal/normal141.png,Normal,3
/content/dataset_raw_clean/Monkeypox Skin Image Dataset/Normal/normal243.png,Normal,3
/content/dataset_raw_clean/Monkeypox Skin Image Dataset/Normal/normal276.png,Normal,3
/content/dataset_raw_clean/Monkeypox Skin Image Dataset/Normal/normal206.png,Normal,3
/content/dataset_raw_clean/Monkeypox Skin Image Dataset/Normal/normal78.png,Normal,3
/content/dataset_raw_clean/Monkeypox Skin Image Dataset/Normal/normal114.png,Normal,3
/content/dataset_raw_clean/Monkeypox Skin Image Dataset/Normal/normal192.png,Normal,3
/content/dataset_raw_clean/Monkeypox Skin Image Dataset/Normal/normal174.png,Normal,3
/content/dataset_raw_clean/Monkeypox Skin Image Dataset/Normal/normal107.png,Normal,3
/content/dataset_raw_clean/Monkeypox Skin Image Dataset/Normal/normal16.png,Normal,3
/content/dataset_raw_clean/Monkeypox Skin Image Dataset/Normal/normal13.png,Normal,3
/content/dataset_raw_clean/Monkeypox Skin Image Dataset/Normal/normal158.png,Normal,3
/content/dataset_raw_clean/Monkeypox Skin Image Dataset/Normal/normal10.png,Normal,3
/content/dataset_raw_clean/Monkeypox Skin Image Dataset/Normal/normal87.png,Normal,3
/content/dataset_raw_clean/Monkeypox Skin Image Dataset/Normal/normal122.png,Normal,3
/content/dataset_raw_clean/Monkeypox Skin Image Dataset/Normal/normal257.png,Normal,3
/content/dataset_raw_clean/Monkeypox Skin Image Dataset/Normal/normal45.png,Normal,3
/content/dataset_raw_clean/Monkeypox Skin Image Dataset/Normal/normal64.png,Normal,3
/content/dataset_raw_clean/Monkeypox Skin Image Dataset/Normal/normal200.png,Normal,3
/content/dataset_raw_clean/Monkeypox Skin Image Dataset/Normal/normal185.png,Normal,3
/content/dataset_raw_clean/Monkeypox Skin Image Dataset/Normal/normal273.png,Normal,3
/content/dataset_raw_clean/Monkeypox Skin Image Dataset/Normal/normal229.png,Normal,3
/content/dataset_raw_clean/Monkeypox Skin Image Dataset/Normal/normal43.png,Normal,3
/content/dataset_raw_clean/Monkeypox Skin Image Dataset/Normal/normal218.png,Normal,3
/content/dataset_raw_clean/Monkeypox Skin Image Dataset/Normal/normal170.png,Normal,3
/content/dataset_raw_clean/Monkeypox Skin Image Dataset/Normal/normal112.png,Normal,3
/content/dataset_raw_clean/Monkeypox Skin Image Dataset/Normal/normal26.png,Normal,3
/content/dataset_raw_clean/Monkeypox Skin Image Dataset/Normal/normal132.png,Normal,3
/content/dataset_raw_clean/Monkeypox Skin Image Dataset/Normal/normal148.png,Normal,3
/content/dataset_raw_clean/Monkeypox Skin Image Dataset/Normal/normal160.png,Normal,3
/content/dataset_raw_clean/Monkeypox Skin Image Dataset/Normal/normal225.png,Normal,3
/content/dataset_raw_clean/Monkeypox Skin Image Dataset/Normal/normal4.png,Normal,3
/content/dataset_raw_clean/Monkeypox Skin Image Dataset/Normal/normal51.png,Normal,3
/content/dataset_raw_clean/Monkeypox Skin Image Dataset/Normal/normal275.png,Normal,3
/content/dataset_raw_clean/Monkeypox Skin Image Dataset/Normal/normal125.png,Normal,3
/content/dataset_raw_clean/Monkeypox Skin Image Dataset/Normal/normal69.png,Normal,3
/content/dataset_raw_clean/Monkeypox Skin Image Dataset/Normal/normal238.png,Normal,3
/content/dataset_raw_clean/Monkeypox Skin Image Dataset/Normal/normal111.png,Normal,3
/content/dataset_raw_clean/Monkeypox Skin Image Dataset/Normal/normal146.png,Normal,3
/content/dataset_raw_clean/Monkeypox Skin Image Dataset/Normal/normal184.png,Normal,3
/content/dataset_raw_clean/Monkeypox Skin Image Dataset/Normal/normal173.png,Normal,3
/content/dataset_raw_clean/Monkeypox Skin Image Dataset/Normal/normal167.png,Normal,3
/content/dataset_raw_clean/Monkeypox Skin Image Dataset/Normal/normal194.png,Normal,3
/content/dataset_raw_clean/Monkeypox Skin Image Dataset/Normal/normal291.png,Normal,3
/content/dataset_raw_clean/Monkeypox Skin Image Dataset/Normal/normal62.png,Normal,3
/content/dataset_raw_clean/Monkeypox Skin Image Dataset/Normal/normal66.png,Normal,3
/content/dataset_raw_clean/Monkeypox Skin Image Dataset/Normal/normal153.png,Normal,3
/content/dataset_raw_clean/Monkeypox Skin Image Dataset/Normal/normal44.png,Normal,3
/content/dataset_raw_clean/Monkeypox Skin Image Dataset/Normal/normal80.png,Normal,3
/content/dataset_raw_clean/Monkeypox Skin Image Dataset/Normal/normal127.png,Normal,3
/content/dataset_raw_clean/Monkeypox Skin Image Dataset/Normal/normal268.png,Normal,3
/content/dataset_raw_clean/Monkeypox Skin Image Dataset/Normal/normal34.png,Normal,3
/content/dataset_raw_clean/Monkeypox Skin Image Dataset/Normal/normal232.png,Normal,3
/content/dataset_raw_clean/Monkeypox Skin Image Dataset/Normal/normal222.png,Normal,3
/content/dataset_raw_clean/Monkeypox Skin Image Dataset/Normal/normal60.png,Normal,3
/content/dataset_raw_clean/Monkeypox Skin Image Dataset/Normal/normal261.png,Normal,3
/content/dataset_raw_clean/Monkeypox Skin Image Dataset/Normal/normal41.png,Normal,3
/content/dataset_raw_clean/Monkeypox Skin Image Dataset/Normal/normal17.png,Normal,3
/content/dataset_raw_clean/Monkeypox Skin Image Dataset/Normal/normal36.png,Normal,3
/content/dataset_raw_clean/Monkeypox Skin Image Dataset/Normal/normal70.png,Normal,3
/content/dataset_raw_clean/Monkeypox Skin Image Dataset/Normal/normal35.png,Normal,3
/content/dataset_raw_clean/Monkeypox Skin Image Dataset/Normal/normal5.png,Normal,3
/content/dataset_raw_clean/Monkeypox Skin Image Dataset/Normal/normal93.png,Normal,3
/content/dataset_raw_clean/Monkeypox Skin Image Dataset/Normal/normal61.png,Normal,3
/content/dataset_raw_clean/Monkeypox Skin Image Dataset/Normal/normal245.png,Normal,3
/content/dataset_raw_clean/Monkeypox Skin Image Dataset/Normal/normal76.png,Normal,3
/content/dataset_raw_clean/Monkeypox Skin Image Dataset/Normal/normal117.png,Normal,3
/content/dataset_raw_clean/Monkeypox Skin Image Dataset/Normal/normal256.png,Normal,3
/content/dataset_raw_clean/Monkeypox Skin Image Dataset/Normal/normal73.png,Normal,3
/content/dataset_raw_clean/Monkeypox Skin Image Dataset/Normal/normal24.png,Normal,3
/content/dataset_raw_clean/Monkeypox Skin Image Dataset/Normal/normal176.png,Normal,3
/content/dataset_raw_clean/Monkeypox Skin Image Dataset/Normal/normal210.png,Normal,3
/content/dataset_raw_clean/Monkeypox Skin Image Dataset/Normal/normal110.png,Normal,3
/content/dataset_raw_clean/Monkeypox Skin Image Dataset/Normal/normal266.png,Normal,3
/content/dataset_raw_clean/Monkeypox Skin Image Dataset/Normal/normal202.png,Normal,3
/content/dataset_raw_clean/Monkeypox Skin Image Dataset/Normal/normal162.png,Normal,3
/content/dataset_raw_clean/Monkeypox Skin Image Dataset/Normal/normal38.png,Normal,3
/content/dataset_raw_clean/Monkeypox Skin Image Dataset/Normal/normal59.png,Normal,3
/content/dataset_raw_clean/Monkeypox Skin Image Dataset/Normal/normal228.png,Normal,3
/content/dataset_raw_clean/Monkeypox Skin Image Dataset/Normal/normal286.png,Normal,3
/content/dataset_raw_clean/Monkeypox Skin Image Dataset/Normal/normal244.png,Normal,3
/content/dataset_raw_clean/Monkeypox Skin Image Dataset/Normal/normal71.png,Normal,3
/content/dataset_raw_clean/Monkeypox Skin Image Dataset/Normal/normal137.png,Normal,3
/content/dataset_raw_clean/Monkeypox Skin Image Dataset/Normal/normal58.png,Normal,3
/content/dataset_raw_clean/Monkeypox Skin Image Dataset/Normal/normal187.png,Normal,3
/content/dataset_raw_clean/Monkeypox Skin Image Dataset/Normal/normal267.png,Normal,3
/content/dataset_raw_clean/Monkeypox Skin Image Dataset/Normal/normal237.png,Normal,3
/content/dataset_raw_clean/Monkeypox Skin Image Dataset/Normal/normal177.png,Normal,3
/content/dataset_raw_clean/Monkeypox Skin Image Dataset/Normal/normal67.png,Normal,3
/content/dataset_raw_clean/Monkeypox Skin Image Dataset/Normal/normal169.png,Normal,3
/content/dataset_raw_clean/Monkeypox Skin Image Dataset/Normal/normal279.png,Normal,3
/content/dataset_raw_clean/Monkeypox Skin Image Dataset/Normal/normal42.png,Normal,3
/content/dataset_raw_clean/Monkeypox Skin Image Dataset/Normal/normal68.png,Normal,3
/content/dataset_raw_clean/Monkeypox Skin Image Dataset/Normal/normal97.png,Normal,3
/content/dataset_raw_clean/Monkeypox Skin Image Dataset/Normal/normal277.png,Normal,3
/content/dataset_raw_clean/Monkeypox Skin Image Dataset/Normal/normal57.png,Normal,3
/content/dataset_raw_clean/Monkeypox Skin Image Dataset/Normal/normal195.png,Normal,3
/content/dataset_raw_clean/Monkeypox Skin Image Dataset/Normal/normal182.png,Normal,3
/content/dataset_raw_clean/Monkeypox Skin Image Dataset/Normal/normal215.png,Normal,3
/content/dataset_raw_clean/Monkeypox Skin Image Dataset/Normal/normal75.png,Normal,3
/content/dataset_raw_clean/Monkeypox Skin Image Dataset/Normal/normal135.png,Normal,3
/content/dataset_raw_clean/Monkeypox Skin Image Dataset/Normal/normal235.png,Normal,3
